{
    "RandomForest": {
        "accuracy": 0.8804347826086957,
        "precision": 0.8846153846153846,
        "recall": 0.9019607843137255,
        "f1_score": 0.8932038834951457,
        "cv_mean": 0.8609915198956294,
        "cv_std": 0.03143987767068569
    },
    "LogisticRegression": {
        "accuracy": 0.8858695652173914,
        "precision": 0.8857142857142857,
        "recall": 0.9117647058823529,
        "f1_score": 0.8985507246376812,
        "cv_mean": 0.8473488025347125,
        "cv_std": 0.028515247802580634
    },
    "SVM": {
        "accuracy": 0.8695652173913043,
        "precision": 0.8823529411764706,
        "recall": 0.8823529411764706,
        "f1_score": 0.8823529411764706,
        "cv_mean": 0.8596589320659771,
        "cv_std": 0.02269298081538911
    }
}